Имя,Категория,Гео,Статус
Гюнтер Яух,Потенция,Германия,Черный список
Дитер Болен,Потенция,Германия,Согласована
Доктор Марк Ульрих Бехер,Гипертония,Германия,Согласована
Доктор Фридрих Феликс Хойер,Гипертония,Германия,Согласована
Йоханнес Б. Кернер,Потенция,Германия,Черный список
Мишель Хунцикер,Красота/омоложение,Германия,Согласована
Николь Йегер,Похудение,Германия,Согласована
Профессор Вернер Шербаум,Диабет,Германия,Согласована
Профессор Еллен Хоффманн,Гипертония,Германия,Согласована
Профессор Кристоф Клоттер,Похудение,Германия,Согласована
Профессор Маркус Бюхлер,Гипертония,Германия,Согласована
Профессор Томас Куршайд (Prof. Dr. Thomas Kurscheid,Похудение,Германия,Согласована
Профессор Томас Куршайд,Гипертония,Германия,Согласована
Профессор Томас Куршайд,Диабет,Германия,Согласована
Профессор Херберт Шункерт,Гипертония,Германия,Согласована
Профессор Штефан Мартин,Диабет,Германия,Согласована
София Тиль,Похудение,Германия,Согласована
Тиль Швайгер,Потенция,Германия,Согласована
Томас Готтшальк,Потенция,Германия,Согласована
Хайно,Потенция,Германия,Согласована
Хельмут Бергер,Потенция,Германия,Согласована
Юдит Ракерс,Красота/омоложение,Германия,Согласована
Arzt Christian Drosten,Гипертония,Германия,Согласована
Barbara Schöneberger,суставы,Германия,Согласована
Barbara Schöneberger,паразиты,Германия,Согласована
Barbara Schöneberger,слух,Германия,Согласована
Barbara Schöneberger,Слух,Германия,Согласована
Barbara Schöneberger,Вальгус,Германия,Согласована
Christoph Waltz,суставы,Германия,Согласована
Christoph Waltz,паразиты,Германия,Согласована
Christoph Waltz,слух,Германия,Согласована
Christoph Waltz,простатит,Германия,Согласована
Christoph Waltz,Слух,Германия,Согласована
Dieter Hallervorden,Гипертония,Германия,Согласована
Dr. Dietrich Grönemeyer,суставы,Германия,Согласована
Dr. Eckart von Hirschhausen,Паразиты,Германия,Черный список
Dr. Eckart von Hirschhausen,Суставы ,Германия,Черный список
Dr. Eckart von Hirschhausen,Слух,Германия,Черный список
Dr. Eckart von Hirschhausen .,Вальгус,Германия,Черный список
Dr. Franziska Rubin,суставы,Германия,Согласована
Dr. Franziska Rubin,паразиты,Германия,Согласована
Dr. Franziska Rubin,слух,Германия,Согласована
Dr. Franziska Rubin,простатит,Германия,Согласована
Dr. Franziska Rubin,Слух,Германия,Согласована
Dr. Franziska Rubin,Вальгус,Германия,Согласована
Dr. Franziska Rubin,Вальгус,Германия,Согласована
Dr. Johannes Huber,простатит,Германия,Согласована
Dr. Johannes Wimmer,Паразиты,Германия,Согласована
Dr. Johannes Wimmer,Суставы ,Германия,Согласована
Dr. Johannes Wimmer,Гипертония,Германия,Согласована
Dr. Johannes Wimmer,Слух,Германия,Согласована
Dr. Johannes Wimmer,Вальгус,Германия,Согласована
Dr. Johannes Wimmer,Потенция,Германия,Согласована
Dr. Johannes Wimmer,слух,Германия,Согласована
Dr. Johannes Wimmer,простатит,Германия,Согласована
Dr. Tobias Weigl,Паразиты,Германия,Согласована
Dr. Tobias Weigl,Суставы ,Германия,Согласована
Dr. Tobias Weigl,Слух,Германия,Согласована
Dr. Tobias Weigl,Вальгус,Германия,Согласована
Dr. Tobias Weigl,слух,Германия,Согласована
Dr. Tobias Weigl,простатит,Германия,Согласована
Dr. Yael Adler,Потенция,Германия,Согласована
Eckart Hirschhausen,Гипертония,Германия,Черный список
Eckart von Hirschhausen,Потенция,Германия,Черный список
Elmar Wepper,Паразиты,Германия,Согласована
Elmar Wepper,Слух,Германия,Согласована
Franz Beckenbauer,Паразиты,Германия,Согласована
Franz Beckenbauer,Слух,Германия,Согласована
Günter Netzer,Паразиты,Германия,Согласована
Günter Netzer,Суставы ,Германия,Согласована
Günter Netzer,слух,Германия,Согласована
Günter Netzer,простатит,Германия,Согласована
Günter Netzer,Слух,Германия,Согласована
Günther Jauch,Паразиты,Германия,Черный список
Günther Jauch,Простатит,Германия,Черный список
Günther Jauch,Слух,Германия,Черный список
Günther Jauch,Суставы,Германия,Черный список
Hans Zimmer,суставы,Германия,Согласована
Hans Zimmer,паразиты,Германия,Согласована
Hans Zimmer,слух,Германия,Согласована
Hans Zimmer,простатит,Германия,Согласована
Hans Zimmer,Слух,Германия,Согласована
Harald Lesch,Суставы,Германия,Черный список
Harald Lesch,Паразиты,Германия,Черный список
Harald Lesch,Простатит,Германия,Черный список
Harald Lesch,Слух,Германия,Черный список
Herbert Grönemeyer,суставы,Германия,Согласована
Herbert Grönemeyer,паразиты,Германия,Согласована
Herbert Grönemeyer,слух,Германия,Согласована
Herbert Grönemeyer,простатит,Германия,Согласована
Herbert Grönemeyer,Слух,Германия,Согласована
Joseph Eberhardt,Похудение,Германия,Согласована
Jürgen Drews,Гипертония,Германия,Черный список
Jürgen Vogel,Суставы,Германия,Согласована
Jürgen Vogel,Паразиты,Германия,Согласована
Jürgen Vogel,Простатит,Германия,Согласована
Jürgen Vogel,Слух,Германия,Согласована
Leon Dănăilă,Потенция,Германия,Черный список
Maria Furtwängler,Паразиты,Германия,Черный список
Maria Furtwängler,Суставы ,Германия,Черный список
Maria Furtwängler,Слух,Германия,Черный список
Maria Furtwängler,Вальгус,Германия,Черный список
Markus Büchler,Гипертония,Германия,Согласована
Michael Schumacher,Суставы,Германия,Черный список
Michael Schumacher,Паразиты,Германия,Черный список
Michael Schumacher,Простатит,Германия,Черный список
Michael Schumacher,Слух,Германия,Черный список
Michael Verhoeven *мертвая личность,Паразиты,Германия,Согласована
Michael Verhoeven *мертвая личность,Слух,Германия,Согласована
Michael Verhoeven *мертвая личность,Гипертония,Германия,Согласована
Nena,суставы,Германия,Согласована
Nena,паразиты,Германия,Согласована
Nena,слух,Германия,Согласована
Nena,Слух,Германия,Согласована
Nena,Вальгус,Германия,Согласована
Peter Maffay,суставы,Германия,Согласована
Peter Maffay,паразиты,Германия,Согласована
Peter Maffay,слух,Германия,Согласована
Peter Maffay,простатит,Германия,Согласована
Peter Maffay,Слух,Германия,Согласована
Prof. Dr. Martin Halle,Гипертония,Германия,Согласована
Prof. Dr. med. Horst Sievert,Гипертония,Германия,Согласована
Prof. Dr. med. Rolf Wachter,Гипертония,Германия,Согласована
Sophia Kerner,Похудение,Германия,Согласована
Thomas Gottschalk,Суставы,Германия,Согласована
Thomas Gottschalk,паразиты,Германия,Согласована
Thomas Gottschalk,слух,Германия,Согласована
Thomas Gottschalk,простатит,Германия,Согласована
Thomas Gottschalk,Гипертония,Германия,Согласована
Til Schweiger,суставы,Германия,Согласована
Til Schweiger,паразиты,Германия,Согласована
Til Schweiger,слух,Германия,Согласована
Til Schweiger,простатит,Германия,Согласована
Til Schweiger,Суставы,Германия,Согласована
Til Schweiger,Паразиты,Германия,Согласована
Til Schweiger,Простатит,Германия,Согласована
Til Schweiger,Слух,Германия,Согласована
Til Schweiger,Слух,Германия,Согласована
Till Lindemann,Паразиты,Германия,Согласована
Till Lindemann,Суставы ,Германия,Согласована
Till Lindemann,слух,Германия,Согласована
Till Lindemann,простатит,Германия,Согласована
Till Lindemann,Слух,Германия,Согласована
Tobias Weigl,Потенция,Германия,Согласована
Udo Lindenberg,Паразиты,Германия,Согласована
Udo Lindenberg,Суставы ,Германия,Согласована
Udo Lindenberg,слух,Германия,Согласована
Udo Lindenberg,простатит,Германия,Согласована
Udo Lindenberg,Слух,Германия,Согласована
Dr. Alojz Ihan,Суставы,Словения,Согласована
Dr. France Cukjati,Суставы,Словения,Черный список
Mario Fafangel,Суставы,Словения,Согласована
Фанни Родригеш,Похудение,Португалия,Согласована
Joaquim de Almeida,Потенция,Португалия,Согласована
José Mourinho,Потенция,Португалия,Черный список
Dulce Pontes,Варикоз,Португалия,Черный список
Rui Veloso,Потенция,Португалия,Черный список
José Cid,Потенция,Португалия,Черный список
Joaquim de Almeida,Потенция,Португалия,Согласована
Manuel Luís Goucha,Потенция,Португалия,Черный список
Dr. João Ramos,Паразиты,Португалия,Черный список
Dr. Gustavo Carona,Паразиты,Португалия,Согласована
Dr. Ricardo Mexia,Паразиты,Португалия,Черный список
Dr. Graça Freitas,Паразиты,Португалия,Согласована
Жужа Конц,Суставы,Венгрия,Согласована
Эва Чепреги,Суставы,Венгрия,Согласована
Bertalan Meskó,Суставы,Венгрия,Согласована
Dr László Czakó,Суставы,Венгрия,Согласована
Dr Beatrix Oroszi,Суставы,Венгрия,Согласована
Bertalan Meskó,Паразиты,Венгрия,Согласована
Dr László Czakó,Паразиты,Венгрия,Согласована
Dr Beatrix Oroszi,Паразиты,Венгрия,Согласована
András Kulja,Паразиты,Венгрия,Черный список
István Kormendi,Паразиты,Венгрия,Согласована
Dr. Péter Álmos,Паразиты,Венгрия,Согласована
András Kulja,Суставы,Венгрия,Черный список
István Kormendi,Суставы,Венгрия,Согласована
Dr. Péter Álmos,Суставы,Венгрия,Согласована
Адам Малыш,Паразиты,Польша,Согласована
Роберт Левандовский,Паразиты,Польша,Черный список
Марек Кондрат,Паразиты,Польша,Согласована
Eckart von Hirschhausen,Грибок,Польша,Черный список
Maryli Rodowicz,Цистит,Польша,Черный список
Daniel Marcel Olbrychski,Потенция,Польша,Согласована
Janusz Jerzy Gajos,Потенция,Польша,Согласована
bohdan łazuka,Потенция,Польша,Черный список
Krystyna Janda,Цистит,Польша,Согласована
Piotr Ponikowski,Гипертония,Польша,Согласована
Tomasz Guzik,Гипертония,Польша,Согласована
Ewa Drzyzga,Гипертония,Польша,Черный список
Марчин Прокоп,Гипертония,Польша,Черный список
Мариан Опаня,Гипертония,Польша,Согласована
Krzysztof Gojdź,Суставы,Польша,Согласована
Marek Szczyt,Суставы,Польша,Согласована
Zenon Mariak,Суставы,Польша,Согласована
Piotr Radziszewski,Потенция,Польша,Черный список
Krzysztof Gojdź,Паразиты,Польша,Согласована
Marek Szczyt,Паразиты,Польша,Согласована
Zenon Mariak,Паразиты,Польша,Согласована
dr Michał Szczerba,Паразиты,Польша,Черный список
dr Anna Popławska,Паразиты,Польша,Согласована
Теофило Кубильяс,простатит,Перу,Согласована
Гастон Акурио,простатит,Перу,Черный список
Pedro Cavadas,Потенция,Испания,Согласована
Ana Torrent,Цистит,Испания,Согласована
Ana Belén,Цистит,Испания,Согласована
Doctor Bueno,Потенция,Испания,Согласована
Dr. Pedro Cavadas,Паразиты,Испания,Согласована
Dr. César Carballo,Паразиты,Испания,Согласована
Dr. Bartolomé Beltrán,Паразиты,Испания,Согласована
Хулио Сесар Чавес,Паразиты,Мексика,Согласована
Алехандро Гонсалес Иньярриту,Паразиты,Мексика,Согласована
Сальма Хайек,Паразиты,Мексика,Согласована
Eckart von Hirschhausen,Грибок,Мексика,Согласована
Эльса Агирре,Варикоз,Мексика,Черный список
Alejandro González Iñárritu,Потенция,Мексика,Согласована
Danny Trejo,Потенция,Мексика,Согласована
Eugenio Derbez,Потенция,Мексика,Черный список
Jillian Michaels,Похудение,Мексика,Черный список
Tara Costa,Похудение,Мексика,Согласована
Ramon Medeiros,Похудение,Мексика,Согласована
Jessica Limpert,Похудение,Мексика,Согласована
Никки Вебстер,Похудение,Мексика,Согласована
Andrés García,Потенция,Мексика,Согласована
victoria ruffo,Цистит,Мексика,Черный список
Арасели Арамбула,Цистит,Мексика,Согласована
Сальма Хайек,Цистит,Мексика,Согласована
Angelica Aragon,Цистит,Мексика,Согласована
Dr. José Narro Robles,Паразиты,Мексика,Согласована
Dr. Francisco Moreno Sánchez,Паразиты,Мексика,Черный список
Dr. Abel Cruz,Паразиты,Мексика,Согласована
Лусия Мендес,Вальгус,Мексика,Согласована
Лупита Феррер,Вальгус,Мексика,Согласована
Polo Guerrero,Похудение,Мексика,Согласована
Nelson Arturo,Похудение,Мексика,Согласована
Фернандо Монкеберг Баррос,Похудение,Мексика,Черный список
dr. hugo lopez gatell,Похудение,Мексика,Согласована
Dr. Juan Carlos Perez,Похудение,Мексика,Черный список
Dr. César Lozano,Похудение,Мексика,Согласована
Claudia Álvarez,Похудение,Мексика,Согласована
Anahí,Похудение,Мексика,Черный список
Tina Romero,Похудение,Мексика,Согласована
Silvia Navarro актриса,Похудение,Мексика,Согласована
Ana Brenda Contreras,Похудение,Мексика,Согласована
Erica Buenfil,Похудение,Мексика,Черный список
Ana de la Reguera,Похудение,Мексика,Черный список
Gabriela Spanik,Похудение,Мексика,Согласована
Sofía Vergara,Похудение,Мексика,Черный список
Catherine Zeta,Похудение,Мексика,Согласована
Angelina Jolie,Похудение,Мексика,Согласована
Jennifer López,Похудение,Мексика,Согласована
Jennifer Garner,Похудение,Мексика,Согласована
Halle Berry,Похудение,Мексика,Согласована
Doctor Bueno,Потенция,Мексика,Согласована
Angelica Aragon,Грибок,Мексика,Согласована
Арасели Арамбула,Грибок,Мексика,Согласована
victoria ruffo,Грибок,Мексика,Черный список
Tania Libertad,Варикоз,Мексика,Согласована
Octavio Arroyo,Потенция,Мексика,Согласована
Надя Комэнеч,цистит,Румыния,Согласована
Анжела Георгиу,цистит,Румыния,Согласована
Магда Катонэ,цистит,Румыния,Согласована
Marius Țuca,Паразиты,Румыния,Черный список
Răzvan Vasilescu,Паразиты,Румыния,Согласована
CARMEN TANASE,Паразиты,Румыния,Согласована
Rona Hartner,Паразиты,Румыния,Согласована
Dr. Mihail Pautov,Паразиты,Румыния,Согласована
Marius Țuca,Простатит,Румыния,Черный список
Răzvan Vasilescu,Простатит,Румыния,Согласована
CARMEN TANASE,Простатит,Румыния,Согласована
Marius Țuca,Суставы,Румыния,Черный список
Răzvan Vasilescu,Суставы,Румыния,Согласована
CARMEN TANASE,Суставы,Румыния,Согласована
Dr. Mihail Pautov,Суставы,Румыния,Согласована
Dr. Gabriela Man,Похудение,Румыния,Согласована
Dr. Adrian Copcea,Похудение,Румыния,Согласована
Teo Trandafir,Похудение,Румыния,Черный список
Oana Roman,Похудение,Румыния,Черный список
Prof. Dr. Dumitru Brănescu,Гипертония,Румыния,Согласована
Dr. Maria Gheorghiu,Гипертония,Румыния,Согласована
Cătălina Poiană,Гипертония,Румыния,Согласована
Dr. Ion Victor Bruckner,Гипертония,Румыния,Согласована
Prof. Dr. Constantin Ionescu,Диабет,Румыния,Согласована
Dr. Elena Mogoșanu,Диабет,Румыния,Согласована
Dr. Cătălin Cîrstoiu,Суставы,Румыния,Черный список
Dr. Mihai Craiu,Суставы,Румыния,Согласована
Dr. Răzvan Nicolescu,Суставы,Румыния,Черный список
Maia Morgenstern,Суставы,Румыния,Согласована
Marcel Iureș,Суставы,Румыния,Согласована
Oana Pellea,Суставы,Румыния,Согласована
Mihai Găinușă,Суставы,Румыния,Черный список
Andreea Esca,Суставы,Румыния,Черный список
Dan Bittman,Суставы,Румыния,Согласована
Horia Brenciu,Суставы,Румыния,Согласована
Nicu Alifantis,Суставы,Румыния,Согласована
Corina Chiriac,Суставы,Румыния,Согласована
Anca Țurcașiu,Суставы,Румыния,Согласована
Mihaela Tatu,Суставы,Румыния,Согласована
Dr. Mihail Pautov,Простатит,Румыния,Черный список
Dr. Mihai Craiu,Простатит,Румыния,Согласована
Dr. Bogdan Geavlete,Простатит,Румыния,Согласована
Dr. Cristian Surcel,Простатит,Румыния,Согласована
Maia Morgenstern,Простатит,Румыния,Согласована
Marcel Iureș,Простатит,Румыния,Согласована
Oana Pellea,Простатит,Румыния,Согласована
Mihai Găinușă,Простатит,Румыния,Черный список
Andreea Esca,Простатит,Румыния,Черный список
Dan Bittman,Простатит,Румыния,Согласована
Horia Brenciu,Простатит,Румыния,Согласована
Nicu Alifantis,Простатит,Румыния,Согласована
Dr. Mihai Craiu,Паразиты,Румыния,Согласована
Dr. Adrian Marinescu,Паразиты,Румыния,Согласована
Dr. Valeriu Gheorghiță,Паразиты,Румыния,Черный список
Dr. Carmen Dorobăț,Паразиты,Румыния,Согласована
Maia Morgenstern,Паразиты,Румыния,Согласована
Marcel Iureș,Паразиты,Румыния,Согласована
Oana Pellea,Паразиты,Румыния,Согласована
Mihai Găinușă,Паразиты,Румыния,Черный список
Andreea Esca,Паразиты,Румыния,Черный список
Dan Bittman,Паразиты,Румыния,Согласована
Horia Brenciu,Паразиты,Румыния,Согласована
Nicu Alifantis,Паразиты,Румыния,Согласована
Corina Chiriac,Паразиты,Румыния,Согласована
Anca Țurcașiu,Паразиты,Румыния,Согласована
Mihaela Tatu,Паразиты,Румыния,Согласована
CARMEN TANASE,цистит,Румыния,Согласована
Nadia Comăneci,Суставы,Румыния,Согласована
Nadia Comăneci,Паразиты,Румыния,Согласована
Nadia Comăneci,Простатит,Румыния,Согласована
horațiu mălăele,Суставы,Румыния,Согласована
horațiu mălăele,Паразиты,Румыния,Согласована
horațiu mălăele,Простатит,Румыния,Согласована
Leon Dănăilă,Суставы,Румыния,Согласована
Leon Dănăilă,Паразиты,Румыния,Согласована
Leon Dănăilă,Простатит,Румыния,Согласована
DR. VLAD CIUREA,Суставы,Румыния,Согласована
DR. VLAD CIUREA,Паразиты,Румыния,Согласована
DR. VLAD CIUREA,Простатит,Румыния,Согласована
Dr. Irinel Popescu,Суставы,Румыния,Согласована
Dr. Irinel Popescu,Паразиты,Румыния,Согласована
Dr. Irinel Popescu,Простатит,Румыния,Согласована
CARMEN TANASE,Вальгус,Румыния,Согласована
Maia Morgenstern,Вальгус,Румыния,Согласована
Oana Pellea,Вальгус,Румыния,Согласована
Andreea Esca,Вальгус,Румыния,Черный список
Corina Chiriac,Вальгус,Румыния,Согласована
Anca Țurcașiu,Вальгус,Румыния,Черный список
Mihaela Tatu,Вальгус,Румыния,Черный список
Nadia Comăneci,Вальгус,Румыния,Согласована
Dr. Mihail Pautov,Вальгус,Румыния,Черный список
Leon Dănăilă,Вальгус,Румыния,Черный список
DR. VLAD CIUREA,Вальгус,Румыния,Согласована
Dr. Irinel Popescu,Вальгус,Румыния,Согласована
Надя Комэнеч,потенция,Румыния,Согласована
Илие Нэстасе,Потенция,Румыния,Согласована
Георге Хаджи,Потенция,Румыния,Согласована
Даниэль Буздуган,Потенция,Румыния,Согласована
Doctor Cezar,потенция,Румыния,Согласована
Prof. Dr. Maria Dorobanțu,Диабет,Румыния,Черный список
Prof. Dr. Maria Dorobanțu,Гипертония,Румыния,Черный список
Prof. Dr. Nicolae Hâncu,Диабет,Румыния,Согласована
Prof. Dr. Nicolae Hâncu,Гипертония,Румыния,Согласована
Prof. Dr. Maria Moța,Диабет,Румыния,Согласована
Prof. Dr. Maria Moța,Гипертония,Румыния,Согласована
Prof. Dr. Bogdan Timar,Диабет,Румыния,Согласована
Prof. Dr. Bogdan Timar,Гипертония,Румыния,Согласована
Raed Arafat,Диабет,Румыния,Черный список
Raed Arafat,Гипертония,Румыния,Черный список
Ion Dolănescu,Диабет,Румыния,Черный список
Ion Dolănescu,Гипертония,Румыния,Черный список
Maria Ciobanu,Диабет,Румыния,Согласована
Maria Ciobanu,Гипертония,Румыния,Согласована
Irina Loghin,Диабет,Румыния,Черный список
Irina Loghin,Гипертония,Румыния,Черный список
Florin Piersic,Диабет,Румыния,Согласована
Florin Piersic,Гипертония,Румыния,Согласована
Tamara Buciuceanu,Диабет,Румыния,Согласована
Tamara Buciuceanu,Гипертония,Румыния,Согласована
Victor Rebengiuc,Диабет,Румыния,Согласована
Victor Rebengiuc,Гипертония,Румыния,Согласована
Stela Popescu,Диабет,Румыния,Согласована
Stela Popescu,Гипертония,Румыния,Согласована
George Mihăiță,Диабет,Румыния,Черный список
George Mihăiță,Гипертония,Румыния,Черный список
Йоргос Даларас,Потенция,Греция,Согласована
Василис Папаконстантину,Потенция,Греция,Согласована
Λάκης Λαζόπουλος,Потенция,Греция,Согласована
dr. kypros nicolaides,паразиты,Греция,Согласована
Dr. Sotiris Tsiodras,паразиты,Греция,Черный список
Dr. Constantinos Tsioutis,паразиты,Греция,Согласована
Dr. Nikolaos Mavrogiorgos,паразиты,Греция,Согласована
Giorgos Kapoutzidis,паразиты,Греция,Согласована
Giorgos Dalaras,паразиты,Греция,Черный список
Haris Alexiou,паразиты,Греция,Согласована
Giannis Parios,паразиты,Греция,Согласована
Katerina Didaskalou,паразиты,Греция,Согласована
Anna Vissi,паразиты,Греция,Черный список
Giorgos Liagas,паразиты,Греция,Черный список
Vangelis Mourikis,паразиты,Греция,Согласована
Katerina Lehou,паразиты,Греция,Согласована
Mina Adamaki,паразиты,Греция,Согласована
Giannis Fertis,паразиты,Греция,Согласована
Vasilis Karras,паразиты,Греция,Черный список
Irene Papas,паразиты,Греция,Согласована
dr. kypros nicolaides,суставы,Греция,Согласована
Giorgos Kapoutzidis,суставы,Греция,Согласована
Giorgos Dalaras,суставы,Греция,Черный список
Haris Alexiou,суставы,Греция,Согласована
Giannis Parios,суставы,Греция,Согласована
Katerina Didaskalou,суставы,Греция,Согласована
Anna Vissi,суставы,Греция,Черный список
Giorgos Liagas,суставы,Греция,Черный список
Vangelis Mourikis,суставы,Греция,Согласована
Katerina Lehou,суставы,Греция,Согласована
Eckart von Hirschhausen,Грибок,Греция,Черный список
Доктор Георгиос Папаниколау,Похудение,Греция,Согласована
Μαρία Κορινθίου,Похудение,Греция,Согласована
Νίκος Χατζηνικολάου,Суставы,Греция,Черный список
Νίκος Χατζηνικολάου,паразиты,Греция,Черный список
Νίκος Χατζηνικολάου,Потенция,Греция,Черный список
Νίκος Καρβέλας,Суставы,Греция,Согласована
Νίκος Καρβέλας,паразиты,Греция,Согласована
Νίκος Καρβέλας,Потенция,Греция,Согласована
Άκης Σακελλαρίου,Суставы,Греция,Согласована
Άκης Σακελλαρίου,паразиты,Греция,Согласована
Άκης Σακελλαρίου,Потенция,Греция,Согласована
Mimi Denissi,Суставы,Греция,Согласована
Mimi Denissi,паразиты,Греция,Согласована
Mimi Denissi,Потенция,Греция,Согласована
Giannis Bezos,Суставы,Греция,Черный список
Giannis Bezos,паразиты,Греция,Черный список
Giannis Bezos,Потенция,Греция,Черный список
George Dalaras,Суставы,Греция,Черный список
George Dalaras,паразиты,Греция,Черный список
George Dalaras,Потенция,Греция,Черный список
Mimi Denissi,Вальгус,Греция,Согласована
Haris Alexiou,Вальгус,Греция,Согласована
Katerina Didaskalou,Вальгус,Греция,Согласована
Anna Vissi,Вальгус,Греция,Черный список
Katerina Lehou,Вальгус,Греция,Согласована
dr. kypros nicolaides,Вальгус,Греция,Согласована
Доктор Параскеви Папагеоргиу,Потенция,Греция,Согласована
Jan Leyers,Потенция,Бельгия,Согласована
Pol Goossen,Потенция,Бельгия,Согласована
Mark Uytterhoeven,Потенция,Бельгия,Согласована
Koen Wauters,Потенция,Бельгия,Согласована
Dr. Steven Laureys,Потенция,Бельгия,Согласована
Dr. Thierry Hertoghe,Потенция,Бельгия,Согласована
Dr. Philippe Boxho,Потенция,Бельгия,Согласована
Dr. Michel Goldman,Потенция,Бельгия,Согласована
Mireille Mathieu,Паразиты,Франция,Согласована
Patrick Bruel,Паразиты,Франция,Согласована
Arielle Dombasle,Паразиты,Франция,Черный список
Jean reno,Паразиты,Франция,Согласована
Niels Arestrup,Паразиты,Франция,Согласована
Мишель Блан,Паразиты,Франция,Согласована
Gérald Kierzek,Паразиты,Франция,Согласована
Michel Cymes,Паразиты,Франция,Черный список
Mireille Mathieu,Суставы,Франция,Согласована
Patrick Bruel,Суставы,Франция,Согласована
Arielle Dombasle,Суставы,Франция,Черный список
Jean reno,Суставы,Франция,Согласована
Gérald Kierzek,Суставы,Франция,Согласована
Michel Cymes,Суставы,Франция,Черный список
Жерар Депардье,Потенция,Франция,Согласована
Серж Лама,Потенция,Франция,Согласована
Жан Рено,Потенция,Франция,Согласована
Катрин Денёв,Цистит,Франция,Согласована
Изабель Юппер,Цистит,Франция,Согласована
Жюльет Бинош,Цистит,Франция,Согласована
Мишель Мерсье,Цистит,Франция,Черный список
Катрин Денёв,Омоложение,Франция,Согласована
Жюльет Бинош,Омоложение,Франция,Согласована
Софи Марсо,Омоложение,Франция,Черный список
Катрин Денёв,Варикоз,Франция,Согласована
Изабель Юппер,Варикоз,Франция,Черный список
Жюльет Бинош,Варикоз,Франция,Согласована
Мишель Мерсье,Варикоз,Франция,Черный список
Prof. Jean Blacher,Гипертония,Франция,Согласована
Dr. Pierre Corvol,Гипертония,Франция,Согласована
Claire Chazal,Гипертония,Франция,Черный список
Jean,Гипертония,Франция,Согласована
Dr Roland Lanthier,Гипертония,Франция,Согласована
Dr. Jean,Гипертония,Франция,Согласована
Dr. Jean,Диабет,Франция,Согласована
Prof. Étienne Lancereaux,Диабет,Франция,Согласована
Dr. Jean,Диабет,Франция,Согласована
Le professeur Didier Raoult,Диабет,Франция,Согласована
Dr. Jean,Похудение,Франция,Согласована
Dr. Frédéric Saldmann,Похудение,Франция,Согласована
Michel Cymes,Похудение,Франция,Согласована
Laurence Boccolini,Похудение,Франция,Согласована
Evelyne Thomas,Похудение,Франция,Черный список
Loana,Похудение,Франция,Согласована
Dr Dominique,Похудение,Франция,Согласована
Laurent Ournac,Похудение,Франция,Согласована
Michel Polnareff,Похудение,Франция,Согласована
Eckart von Hirschhausen,Грибок,Франция,Черный список
Francis Cabrel,Паразиты,Франция,Согласована
Dr. Marina Carrère d'Encausse,Паразиты,Франция,Черный список
Dr. Christian Recchia,Паразиты,Франция,Согласована
Jean Dujardin,Паразиты,Франция,Черный список
Catherine Deneuve,Паразиты,Франция,Согласована
Vincent Cassel,Паразиты,Франция,Черный список
Cyril Hanouna,Паразиты,Франция,Согласована
Nagui,Паразиты,Франция,Согласована
Gérard Depardieu,Паразиты,Франция,Согласована
Isabelle Adjani,Паразиты,Франция,Согласована
Fanny Ardant,Паразиты,Франция,Согласована
Jean,Паразиты,Франция,Черный список
Francis Cabrel,Паразиты,Франция,Согласована
Francis Cabrel,суставы,Франция,Согласована
Dr. Marina Carrère d'Encausse,суставы,Франция,Черный список
Dr. Christian Recchia,суставы,Франция,Согласована
Dr. Laurent Grange,суставы,Франция,Согласована
Jean Dujardin,суставы,Франция,Черный список
Catherine Deneuve,суставы,Франция,Согласована
Vincent Cassel,суставы,Франция,Черный список
Cyril Hanouna,суставы,Франция,Согласована
Nagui,суставы,Франция,Согласована
Gérard Depardieu,суставы,Франция,Согласована
Isabelle Adjani,суставы,Франция,Согласована
Fanny Ardant,суставы,Франция,Согласована
Jean,суставы,Франция,Черный список
Francis Cabrel,Простатит,Франция,Согласована
Patrick Bruel,Простатит,Франция,Черный список
Jean reno,Простатит,Франция,Согласована
Dr. Marina Carrère d'Encausse,Простатит,Франция,Черный список
Dr. Christian Recchia,Простатит,Франция,Согласована
Dr. François Desgrandchamps,Простатит,Франция,Согласована
Dr. Morgan Rouprêt,Простатит,Франция,Согласована
Dr. Olivier Traxer,Простатит,Франция,Согласована
Jean Dujardin,Простатит,Франция,Черный список
Catherine Deneuve,Простатит,Франция,Согласована
Vincent Cassel,Простатит,Франция,Черный список
Cyril Hanouna,Простатит,Франция,Согласована
Nagui,Простатит,Франция,Согласована
Gérard Depardieu,Простатит,Франция,Согласована
Isabelle Adjani,Простатит,Франция,Согласована
Fanny Ardant,Простатит,Франция,Согласована
Jean,Простатит,Франция,Черный список
Zinedine Zidane,Суставы,Франция,Согласована
Mylène Farmer,Суставы,Франция,Согласована
Daniel Auteuil,Суставы,Франция,Согласована
Jean,Суставы,Франция,Согласована
Fabrice Luchini,Суставы,Франция,Согласована
Isabelle Huppert,Суставы,Франция,Черный список
Laurent Voulzy,Суставы,Франция,Согласована
alexandra lamy,Суставы,Франция,Согласована
Eric Judor,Суставы,Франция,Согласована
Omar Sy,Суставы,Франция,Согласована
David Pujadas,Суставы,Франция,Черный список
Anne,Суставы,Франция,Черный список
Laurence Ferrari,Суставы,Франция,Черный список
Sylvie Guillem,Суставы,Франция,Согласована
Aurélie Dupont,Суставы,Франция,Согласована
Zinedine Zidane,Паразиты,Франция,Согласована
Mylène Farmer,Паразиты,Франция,Согласована
Daniel Auteuil,Паразиты,Франция,Согласована
Jean,Паразиты,Франция,Согласована
Fabrice Luchini,Паразиты,Франция,Согласована
Isabelle Huppert,Паразиты,Франция,Согласована
Laurent Voulzy,Паразиты,Франция,Согласована
alexandra lamy,Паразиты,Франция,Согласована
Eric Judor,Паразиты,Франция,Согласована
Omar Sy,Паразиты,Франция,Согласована
David Pujadas,Паразиты,Франция,Согласована
Anne,Паразиты,Франция,Согласована
Laurence Ferrari,Паразиты,Франция,Согласована
Sylvie Guillem,Паразиты,Франция,Согласована
Aurélie Dupont,Паразиты,Франция,Согласована
Zinedine Zidane,Простатит,Франция,Согласована
Daniel Auteuil,Простатит,Франция,Согласована
Jean,Простатит,Франция,Согласована
Fabrice Luchini,Простатит,Франция,Согласована
Eric Judor,Простатит,Франция,Согласована
Omar Sy,Простатит,Франция,Согласована
David Pujadas,Простатит,Франция,Согласована
Mireille Mathieu,Вальгус,Франция,Согласована
Arielle Dombasle,Вальгус,Франция,Согласована
Dr. Marina Carrère d'Encausse,Вальгус,Франция,Согласована
Catherine Deneuve,Вальгус,Франция,Согласована
Isabelle Adjani,Вальгус,Франция,Согласована
Fanny Ardant,Вальгус,Франция,Согласована
Mylène Farmer,Вальгус,Франция,Согласована
Isabelle Huppert,Вальгус,Франция,Согласована
Alexandra Lamy,Вальгус,Франция,Согласована
Anne,Вальгус,Франция,Согласована
Laurence Ferrari,Вальгус,Франция,Согласована
Sylvie Guillem,Вальгус,Франция,Согласована
Aurélie Dupont,Вальгус,Франция,Согласована
Gérald Kierzek,Вальгус,Франция,Черный список
Michel Cymes,Вальгус,Франция,Согласована
Dr. Christian Recchia,Вальгус,Франция,Согласована
Dr. Laurent Grange,Вальгус,Франция,Согласована
Isabelle Adjani,Суставы,Франция,Согласована
Patrick Bruel,Диабет,Франция,Согласована
Patrick Poivre d'Arvor,Гипертония,Франция,Черный список
Julien Clerc  а,Гипертония,Франция,Черный список
Prof. François Carré,Гипертония,Франция,Согласована
Prof. Michel Komajda,Гипертония,Франция,Согласована
Dr. Frédéric Saldmann,Гипертония,Франция,Согласована
Prof. Claire Mounier,Гипертония,Франция,Согласована
Prof. Gilbert Habib,Гипертония,Франция,Согласована
Dr. Dominique Guedj,Гипертония,Франция,Согласована
Dr. Marina Carrère d'Encausse,Гипертония,Франция,Черный список
Le professeur Didier Raoult,Гипертония,Франция,Черный список
Jean reno  актер,Гипертония,Франция,Согласована
Mireille Mathieu,Гипертония,Франция,Согласована
Francis Cabrel,Гипертония,Франция,Согласована
Мишель Симон,Потенция,Франция,Черный список
Жан,Потенция,Франция,Черный список
Жан,Потенция,Франция,Согласована
Ален Делон,Потенция,Франция,Согласована
Dr. Siegfried Meryn,паразиты,Австрия,Черный список
Eckart von Hirschhausen,паразиты,Австрия,Согласована
Dr. Thomas Szekeres,паразиты,Австрия,Согласована
Dr. Johannes Wimmer,паразиты,Австрия,Согласована
Dr. Christoph Wenisch,паразиты,Австрия,Согласована
Dr. Herwig Kollaritsch,паразиты,Австрия,Согласована
Dr. Florian Thalhammer,паразиты,Австрия,Согласована
Christoph Waltz,паразиты,Австрия,Согласована
Klaus Maria Brandauer,паразиты,Австрия,Согласована
Thomas Gottschalk,паразиты,Австрия,Согласована
Günther Jauch,паразиты,Австрия,Согласована
Rainhard Fendrich,паразиты,Австрия,Черный список
Wolfgang Ambros,паразиты,Австрия,Согласована
Tobias Moretti,паразиты,Австрия,Согласована
Peter Simonischek,паразиты,Австрия,Согласована
Jacques Breuer,паразиты,Австрия,Согласована
Günther Jauch,Суставы,Австрия,Черный список
Günther Jauch,Простатит,Австрия,Черный список
Christoph Waltz,Суставы,Австрия,Согласована
Christoph Waltz,Простатит,Австрия,Согласована
Eckart von Hirschhausen,Суставы,Австрия,Черный список
Eckart von Hirschhausen,Простатит,Австрия,Черный список
Eckart von Hirschhausen,Потенция,Австрия,Черный список
Хельмут Бергер,Потенция,Австрия,Согласована
Dr. Johannes Wimmer,Потенция,Австрия,Согласована
Dr. Yael Adler,Потенция,Австрия,Согласована
Tobias Weigl,Потенция,Австрия,Согласована
Dr. Michael Frass,Потенция,Австрия,Согласована
Dr. Julia Berkei,Потенция,Австрия,Согласована
Prof. Dr. Rainer Hofmann,Потенция,Австрия,Согласована
Dr. Gerald Ch. Loho,Потенция,Австрия,Согласована
Harald Krassnitzer,Потенция,Австрия,Согласована
Арнольд Шварценеггер,Потенция,Австрия,Черный список
Адриано Челентано,Потенция,Италия,Согласована
Адриано Челентано,суставы ,Италия,Согласована
Адриано Челентано,паразиты,Италия,Черный список
Адриано Челентано,простатит ,Италия,Черный список
Адриано Челентано,слух,Италия,Черный список
Алена Середова,Похудение,Италия,Согласована
Геппи Куччари,Похудение,Италия,Согласована
Джанлука Вакки,Потенция,Италия,Черный список
Джо Бастианич,Похудение,Италия,Согласована
Джулия Салеми,Похудение,Италия,Согласована
Доктор Марио Карминати,Гипертония,Италия,Согласована
Доктор Марио Карминати,Диабет,Италия,Согласована
Доктор Паоло Эмилио Делла Белла (Dott. Paolo Emilio Della,Гипертония,Италия,Согласована
Доктор Паоло Эмилио Делла Белла (Dott. Paolo Emilio Della,Диабет,Италия,Согласована
Клаудия Джерини,Похудение,Италия,Согласована
Кристиан Де Сика,Похудение,Италия,Согласована
Лаура Паузини,Вальгус,Италия,Черный список
Лаура Паузини,Суставы,Италия,Черный список
Лаура Паузини,паразиты,Италия,Черный список
Лаура Паузини,Простатит,Италия,Черный список
Маргерита Буй,Вальгус,Италия,Согласована
Маргерита Буй,Суставы,Италия,Согласована
Маргерита Буй,паразиты,Италия,Согласована
Маргерита Буй,Простатит,Италия,Согласована
Маттео Гранди,Похудение,Италия,Черный список
Ноэми,Похудение,Италия,Согласована
Папа Римский,Похудение,Италия,Черный список
Пино Даниеле,Гипертония,Италия,Согласована
Профессор Джузеппе Манча,Гипертония,Италия,Согласована
Профессор Джузеппе Манча,Диабет,Италия,Согласована
Профессор Стефано Дель Прато,Гипертония,Италия,Согласована
Профессор Стефано Дель Прато,Диабет,Италия,Согласована
Роберто Бениньи,Потенция,Италия,Согласована
Рокко Сиффреди/Rocco Siffredi,Потенция,Италия,Согласована
Сильвио Берлускони,Потенция,Италия,Черный список
Франко Баттиато,Паразиты,Италия,Согласована
Элеттра Ламборгини,Похудение,Италия,Согласована
Эцио Греджо,Потенция,Италия,Согласована
Adriana Albini,Похудение,Италия,Согласована
Adriano Panzironi,Похудение,Италия,Согласована
Al Bano,Потенция,Италия,Согласована
Albano Carrisi,Похудение,Италия,Согласована
Alberto Angela,Суставы,Италия,Черный список
Alberto Angela,Паразиты,Италия,Черный список
Alberto Angela,Простатит,Италия,Черный список
Alberto Mantovani,Вальгус,Италия,Согласована
Alberto Mantovani,Суставы,Италия,Согласована
Alberto Mantovani,Паразиты,Италия,Согласована
Alberto Mantovani,Простатит,Италия,Согласована
Alessandra Ferri,Вальгус,Италия,Согласована
Antonella Clerici,Похудение,Италия,Черный список
Antonio Gasbarrini,Паразиты,Италия,Согласована
Antonio Gasbarrini,Суставы,Италия,Согласована
Antonio Gasbarrini,простатит ,Италия,Согласована
Antonio Gasbarrini,слух,Италия,Согласована
Benedetta Rossi,Похудение,Италия,Согласована
Bruno Vespa,Суставы,Италия,Черный список
Bruno Vespa,Паразиты,Италия,Черный список
Bruno Vespa,Простатит,Италия,Черный список
Carlo Conti,суставы ,Италия,Согласована
Carlo Conti,простатит ,Италия,Согласована
Carlo Conti,слух,Италия,Согласована
Carlo Conti,паразиты,Италия,Согласована
Carlo Verdone,Паразиты,Италия,Согласована
Carlo Verdone,Суставы,Италия,Согласована
Carlo Verdone,слух,Италия,Согласована
Carlo Verdone,простатит ,Италия,Согласована
CAROLINA MARCIALIS,Похудение,Италия,Согласована
Christian De Sica,Гипертония,Италия,Согласована
Christian De Sica,Диабет,Италия,Согласована
Dott. Guido Bertolaso,Гипертония,Италия,Согласована
Dott. Guido Bertolaso,Диабет,Италия,Согласована
Dott. Ivan Lurgo,Похудение,Италия,Согласована
Dott. Silvio Garattini,Гипертония,Италия,Согласована
Dott. Silvio Garattini,Диабет,Италия,Согласована
Dr. Andrea Salonia,простатит ,Италия,Согласована
Dr. Fabrizio Quattrini,суставы ,Италия,Согласована
Dr. Giovanni Angiolini,суставы ,Италия,Согласована
dr. giovanni rezza,паразиты,Италия,Согласована
Dr. Massimo Galli,паразиты,Италия,Согласована
Dr. Natalia Mazzarella,Похудение,Италия,Согласована
Dr. Roberto Cauda,паразиты,Италия,Согласована
Dr. Valerio Rosso,Паразиты,Италия,Согласована
Dr. Valerio Rosso,Суставы,Италия,Согласована
Dr. Valerio Rosso,слух,Италия,Согласована
Dr. Valerio Rosso,простатит ,Италия,Согласована
Dr. Vincenzo Mirone,простатит ,Италия,Согласована
Emanuela Russo,Похудение,Италия,Согласована
Enrico Mentana,Суставы,Италия,Черный список
Enrico Mentana,Паразиты,Италия,Черный список
Enrico Mentana,Простатит,Италия,Черный список
Eros Ramazzotti,суставы ,Италия,Согласована
Eros Ramazzotti,простатит ,Италия,Согласована
Eros Ramazzotti,паразиты,Италия,Согласована
Eros Ramazzotti,слух,Италия,Согласована
Fabiana Rossi,Похудение,Италия,Согласована
Fabrizio Angelini,Похудение,Италия,Согласована
Franco Berrino,Похудение,Италия,Согласована
Gianna Nannini,суставы ,Италия,Согласована
Gianna Nannini,Вальгус,Италия,Согласована
Gianna Nannini,паразиты,Италия,Согласована
Gianna Nannini,простатит ,Италия,Согласована
Gianna Nannini,слух,Италия,Согласована
Gianni Morandi,Потенция,Италия,Черный список
Giorgio Calabrese,Похудение,Италия,Согласована
Iva Zanicchi,Похудение,Италия,Черный список
Laura Pausini,Похудение,Италия,Согласована
Licia Colò,Вальгус,Италия,Согласована
Licia Colò,Суставы,Италия,Согласована
Licia Colò,паразиты,Италия,Согласована
Licia Colò,простатит,Италия,Согласована
Lino Banfi,Похудение,Италия,Согласована
Lino Banfi,Гипертония,Италия,Согласована
Lino Banfi,Диабет,Италия,Согласована
Lino Banfi,Потенция,Италия,Согласована
Lorenzo Bianchi,Похудение,Италия,Согласована
Luciano Ligabue,суставы ,Италия,Согласована
Luciano Ligabue,паразиты,Италия,Черный список
Luciano Ligabue,простатит ,Италия,Черный список
Luciano Ligabue,слух,Италия,Черный список
Manuela Mapelli,Похудение,Италия,Согласована
Marco Giallini,Суставы,Италия,Согласована
Marco Giallini,паразиты,Италия,Согласована
Marco Giallini,Простатит,Италия,Согласована
Massimo Giletti,Суставы,Италия,Черный список
Massimo Giletti,паразиты,Италия,Черный список
Massimo Giletti,Простатит,Италия,Черный список
Massimo Massetti,Гипертония,Италия,Согласована
Massimo Massetti,Диабет,Италия,Согласована
Massimo Ranieri,гипертония,Италия,Согласована
Massimo Ranieri,Потенция,Италия,Согласована
Matteo Bassetti,Суставы,Италия,Черный список
Matteo Bassetti,Простатит,Италия,Черный список
Matteo Bassetti,Слух,Италия,Черный список
Matteo Bassetti,Потенция,Италия,Согласована
Matteo Bassetti,паразиты,Италия,Черный список
Dott. Matteo Bassetti,Гипертония,Италия,Согласована
Dott. Matteo Bassetti,Диабет,Италия,Согласована
Monica Bellucci,суставы ,Италия,Согласована
Monica Bellucci,Вальгус,Италия,Согласована
Monica Bellucci,простатит ,Италия,Согласована
Monica Bellucci,слух,Италия,Согласована
Monica Bellucci,паразиты,Италия,Согласована
Orietta Berti,Похудение,Италия,Согласована
PAOLO BONOLIS,Паразиты,Италия,Черный список
PAOLO BONOLIS,Суставы,Италия,Черный список
Paolo Veronesi,Потенция,Италия,Согласована
Piero Mozzi,Гипертония,Италия,Согласована
Piero Mozzi,Диабет,Италия,Согласована
Raffaella Carrà,Паразиты,Италия,Согласована
Renato Pozzetto,Потенция,Италия,Согласована
Renato Zero,Паразиты,Италия,Согласована
Renato Zero,Суставы,Италия,Согласована
Renato Zero,слух,Италия,Согласована
Renato Zero,простатит ,Италия,Согласована
Renzo Arbore,Похудение,Италия,Согласована
Renzo Arbore,Гипертония,Италия,Согласована
Renzo Arbore,Диабет,Италия,Согласована
Roberto Benigni,суставы ,Италия,Согласована
Roberto Benigni,паразиты,Италия,Согласована
Roberto Benigni,простатит ,Италия,Согласована
Roberto Benigni,слух,Италия,Согласована
Roberto Burion,Вальгус,Италия,Черный список
Roberto Burioni,Потенция,Италия,Согласована
Roberto Burioni,Суставы,Италия,Черный список
Roberto Burioni,паразиты,Италия,Черный список
Roberto Burioni,Простатит,Италия,Черный список
Silvio Orlando,Суставы,Италия,Согласована
Silvio Orlando,паразиты,Италия,Согласована
Silvio Orlando,Простатит,Италия,Согласована
Sophia Loren,Диабет,Италия,Согласована
Stefania Sandrelli,Вальгус,Италия,Согласована
Stefania Sandrelli,Суставы,Италия,Согласована
Stefania Sandrelli,паразиты,Италия,Согласована
Stefania Sandrelli,Простатит,Италия,Согласована
Teo Teocoli,суставы ,Италия,Согласована
Teo Teocoli,паразиты,Италия,Согласована
Teo Teocoli,слух,Италия,Согласована
Teo Teocoli,простатит ,Италия,Согласована
Toni Servillo,суставы ,Италия,Согласована
Toni Servillo,простатит ,Италия,Согласована
Toni Servillo,паразиты,Италия,Согласована
Toni Servillo,слух,Италия,Согласована
Vanessa Incontrada,Похудение,Италия,Согласована
Vasco Ross,Гипертония,Италия,Согласована
Zucchero Fornaciari,Суставы,Италия,Согласована
Zucchero Fornaciari,паразиты,Италия,Согласована
Zucchero Fornaciari,Простатит,Италия,Согласована
Sophia Loren,грибок,Италия,Черный список
Monica Bellucci,грибок,Италия,Черный список
Claudia Cardinale,грибок,Италия,Согласована
Nicolo Barella,грибок,Италия,Согласована
Gianluigi Donnarumma,грибок,Италия,Согласована
Federico Chiesa,грибок,Италия,Согласована
Alessandro Bastoni,грибок,Италия,Согласована
Davide Frattesi,грибок,Италия,Согласована
Оливер Драгоевич,Паразиты,Хорватия,Согласована
Лука Модрич,Вальгус,Хорватия,Согласована
Николай Пешалов,Вальгус,Хорватия,Согласована
Dinko Tončić,Паразиты,Хорватия,Согласована
Igor Rudan,Паразиты,Хорватия,Согласована
Prof. Davor Mijatović,Паразиты,Хорватия,Согласована
Лили Иванова,Цистит,Болгария,Черный список
Пламена Пилитова,Цистит,Болгария,Черный список
Д,Похудение,Болгария,Черный список
Асен Дудов,Паразиты,Болгария,Согласована
Георги Стаменов,Паразиты,Болгария,Согласована
Виктор Калев,Паразиты,Болгария,Согласована
Ники Канчев,Паразиты,Болгария,Черный список
Николай Брънзалов,Паразиты,Болгария,Согласована
Асен Дудов,Cуставы,Болгария,Согласована
Николай Брънзалов,Cуставы,Болгария,Согласована
Мария Гроздева,Cуставы,Болгария,Согласована
Стефка Костадинова,Cуставы,Болгария,Согласована
Ники Канчев,Cуставы,Болгария,Черный список
Георги Стаменов,Потенция,Болгария,Согласована
Бойко Василев,Гипертония,Болгария,Черный список
Добрина Чешмеджиев,Гипертония,Болгария,Черный список
Цветанка Ризова,Гипертония,Болгария,Черный список
Неделя Щонова,Гипертония,Болгария,Согласована
Jan Pirk,Гипертония,Чехия,Черный список
Petr Neužil,Гипертония,Чехия,Согласована
Гелена Вондрачкова,Похудение ,Чехия,Черный список
Марта Кубишова,Похудение ,Чехия,Согласована
Джозеф Клим,Суставы,Чехия,Черный список
Якубко Мартин футболист,Суставы,Словакия,Согласована
Петер Саган велогонщик,Суставы,Словакия,Согласована
Доминика Цибулкова теннисистка,Суставы,Словакия,Согласована
Jana Oľhová,Цистит,Словакия,Согласована
Jana Oľhová,Омоложение,Словакия,Согласована
Anna Javorková,Цистит,Словакия,Согласована
Anna Javorková,Омоложение,Словакия,Согласована
Szidi Tobias,Цистит,Словакия,Согласована
Szidi Tobias,Омоложение,Словакия,Согласована
Lena Košická,Цистит,Словакия,Согласована
Lena Košická,Омоложение,Словакия,Согласована
Kamila Magálová,Цистит,Словакия,Согласована
Kamila Magálová,Омоложение,Словакия,Согласована
Maroš Kramár,Потенция,Словакия,Согласована
Jiří Bartoška,Потенция,Словакия,Согласована
Vladimír Jedľovský,Потенция,Словакия,Согласована
František Kovár,Потенция,Словакия,Согласована
